Path;SteerAngle;Throttle;Brake;Speed;X_Position;Y_Position;Pitch;Yaw;Roll
/home/spanigr2/RoboND-Python-StarterKit/RoboND-Rover-Project_Final/output/IMG/robocam_2018_04_19_11_49_22_485.jpg;0;0;1;0;99.66999;85.58897;0.0002359015;56.82556;-3.314796E-07
/home/spanigr2/RoboND-Python-StarterKit/RoboND-Rover-Project_Final/output/IMG/robocam_2018_04_19_11_49_22_565.jpg;0;0;0;0;99.66999;85.58897;0.0002358296;56.82556;-4.642238E-07
/home/spanigr2/RoboND-Python-StarterKit/RoboND-Rover-Project_Final/output/IMG/robocam_2018_04_19_11_49_22_597.jpg;0;0;0;0;99.66999;85.58897;0.0002358449;56.82556;-5.153635E-07
/home/spanigr2/RoboND-Python-StarterKit/RoboND-Rover-Project_Final/output/IMG/robocam_2018_04_19_11_49_22_671.jpg;0;0;0;0;99.66999;85.58897;0.0002358296;56.82556;-4.642238E-07
/home/spanigr2/RoboND-Python-StarterKit/RoboND-Rover-Project_Final/output/IMG/robocam_2018_04_19_11_49_22_734.jpg;0;0;0;0;99.66999;85.58897;0.0002358296;56.82556;-4.642238E-07
/home/spanigr2/RoboND-Python-StarterKit/RoboND-Rover-Project_Final/output/IMG/robocam_2018_04_19_11_49_22_800.jpg;0;0;0;0;99.66999;85.58897;0.0002358296;56.82556;-4.642238E-07
/home/spanigr2/RoboND-Python-StarterKit/RoboND-Rover-Project_Final/output/IMG/robocam_2018_04_19_11_49_22_867.jpg;0;0;0;0;99.66999;85.58897;0.0002358449;56.82556;-5.153635E-07
/home/spanigr2/RoboND-Python-StarterKit/RoboND-Rover-Project_Final/output/IMG/robocam_2018_04_19_11_49_22_934.jpg;0;0;0;0;99.66999;85.58897;0.0002357992;56.82556;-3.619445E-07
/home/spanigr2/RoboND-Python-StarterKit/RoboND-Rover-Project_Final/output/IMG/robocam_2018_04_19_11_49_22_999.jpg;0;0;0;0;99.66999;85.58897;0.0002358449;56.82556;-5.153635E-07
/home/spanigr2/RoboND-Python-StarterKit/RoboND-Rover-Project_Final/output/IMG/robocam_2018_04_19_11_49_23_067.jpg;0;0;0;0;99.66999;85.58897;0.0002359167;56.82556;-3.826192E-07
/home/spanigr2/RoboND-Python-StarterKit/RoboND-Rover-Project_Final/output/IMG/robocam_2018_04_19_11_49_23_136.jpg;0;0;0;0;99.66999;85.58897;0.0002359733;56.82556;-1.987288E-07
/home/spanigr2/RoboND-Python-StarterKit/RoboND-Rover-Project_Final/output/IMG/robocam_2018_04_19_11_49_23_199.jpg;0;0;0;0;99.66999;85.58897;0.0002359733;56.82556;-1.987288E-07
/home/spanigr2/RoboND-Python-StarterKit/RoboND-Rover-Project_Final/output/IMG/robocam_2018_04_19_11_49_23_267.jpg;0;0;0;0;99.66999;85.58897;0.0002359428;56.82556;-9.644948E-08
/home/spanigr2/RoboND-Python-StarterKit/RoboND-Rover-Project_Final/output/IMG/robocam_2018_04_19_11_49_23_334.jpg;0;0;0;0;99.66999;85.58897;0.0002359885;56.82556;-2.498685E-07
/home/spanigr2/RoboND-Python-StarterKit/RoboND-Rover-Project_Final/output/IMG/robocam_2018_04_19_11_49_23_402.jpg;0;0;0;0;99.66999;85.58897;0.0002359428;56.82556;-9.644948E-08
/home/spanigr2/RoboND-Python-StarterKit/RoboND-Rover-Project_Final/output/IMG/robocam_2018_04_19_11_49_23_470.jpg;0;0;0;0;99.66999;85.58897;0.0002360037;56.82556;-3.010146E-07
/home/spanigr2/RoboND-Python-StarterKit/RoboND-Rover-Project_Final/output/IMG/robocam_2018_04_19_11_49_23_537.jpg;0;0;0;0;99.66999;85.58897;0.000235958;56.82556;-1.475891E-07
/home/spanigr2/RoboND-Python-StarterKit/RoboND-Rover-Project_Final/output/IMG/robocam_2018_04_19_11_49_23_603.jpg;0;0;0;0;99.66999;85.58897;0.0002360037;56.82556;-3.010146E-07
/home/spanigr2/RoboND-Python-StarterKit/RoboND-Rover-Project_Final/output/IMG/robocam_2018_04_19_11_49_23_675.jpg;1.883883;0;0;0;99.66999;85.58897;0.0002360905;57.05164;-8.519237E-07
/home/spanigr2/RoboND-Python-StarterKit/RoboND-Rover-Project_Final/output/IMG/robocam_2018_04_19_11_49_23_735.jpg;1.866517;0;0;0;99.66999;85.58897;0.0002367158;57.50587;-1.77079E-06
/home/spanigr2/RoboND-Python-StarterKit/RoboND-Rover-Project_Final/output/IMG/robocam_2018_04_19_11_49_23_801.jpg;0;0;0;0;99.66999;85.58897;0.0002366262;57.50587;-1.463411E-06
/home/spanigr2/RoboND-Python-StarterKit/RoboND-Rover-Project_Final/output/IMG/robocam_2018_04_19_11_49_23_869.jpg;0;0;0;0;99.66999;85.58897;0.0002363019;57.50587;-1.113289E-06
/home/spanigr2/RoboND-Python-StarterKit/RoboND-Rover-Project_Final/output/IMG/robocam_2018_04_19_11_49_23_938.jpg;0;0;0;0;99.66999;85.58897;0.0002359287;57.62734;-1.138321E-06
/home/spanigr2/RoboND-Python-StarterKit/RoboND-Rover-Project_Final/output/IMG/robocam_2018_04_19_11_49_24_003.jpg;1.808882;0;0;0;99.66999;85.58897;0.0002359307;57.73588;-1.138667E-06
/home/spanigr2/RoboND-Python-StarterKit/RoboND-Rover-Project_Final/output/IMG/robocam_2018_04_19_11_49_24_071.jpg;0;0;0;0;99.66999;85.58897;0.0002360023;57.73588;-6.180205E-07
/home/spanigr2/RoboND-Python-StarterKit/RoboND-Rover-Project_Final/output/IMG/robocam_2018_04_19_11_49_24_139.jpg;0;0;0;0;99.66999;85.58897;0.0002358689;57.73588;-1.566824E-07
/home/spanigr2/RoboND-Python-StarterKit/RoboND-Rover-Project_Final/output/IMG/robocam_2018_04_19_11_49_24_201.jpg;0;0;0;0;99.66999;85.58897;0.0002357355;57.73588;3.046558E-07
/home/spanigr2/RoboND-Python-StarterKit/RoboND-Rover-Project_Final/output/IMG/robocam_2018_04_19_11_49_24_270.jpg;0;0;0;0;99.66999;85.58897;0.000235602;57.73588;7.659939E-07
/home/spanigr2/RoboND-Python-StarterKit/RoboND-Rover-Project_Final/output/IMG/robocam_2018_04_19_11_49_24_337.jpg;0;0;0;0;99.66999;85.58897;0.000235602;57.73588;7.659939E-07
/home/spanigr2/RoboND-Python-StarterKit/RoboND-Rover-Project_Final/output/IMG/robocam_2018_04_19_11_49_24_399.jpg;0;0;0;0;99.66999;85.58897;0.000235602;57.73588;7.659939E-07
/home/spanigr2/RoboND-Python-StarterKit/RoboND-Rover-Project_Final/output/IMG/robocam_2018_04_19_11_49_24_473.jpg;0;0;0;0;99.66999;85.58897;0.000235602;57.73588;7.659939E-07
/home/spanigr2/RoboND-Python-StarterKit/RoboND-Rover-Project_Final/output/IMG/robocam_2018_04_19_11_49_24_538.jpg;-4.064212;0;0;0;99.66999;85.58897;0.0002359397;57.11554;3.868016E-06
/home/spanigr2/RoboND-Python-StarterKit/RoboND-Rover-Project_Final/output/IMG/robocam_2018_04_19_11_49_24_602.jpg;-8.06591;0;0;0;99.66999;85.58897;0.0002359794;55.89891;9.471382E-06
/home/spanigr2/RoboND-Python-StarterKit/RoboND-Rover-Project_Final/output/IMG/robocam_2018_04_19_11_49_24_671.jpg;-12.04169;0;0;0;99.66999;85.58897;0.0002357227;53.24015;1.911333E-05
/home/spanigr2/RoboND-Python-StarterKit/RoboND-Rover-Project_Final/output/IMG/robocam_2018_04_19_11_49_24_737.jpg;-12.007;0;0;0;99.66999;85.58897;0.0002359597;51.19756;2.516908E-05
/home/spanigr2/RoboND-Python-StarterKit/RoboND-Rover-Project_Final/output/IMG/robocam_2018_04_19_11_49_24_802.jpg;-7.855411;0;0;0;99.66999;85.58897;0.0002353328;49.5196;2.813736E-05
/home/spanigr2/RoboND-Python-StarterKit/RoboND-Rover-Project_Final/output/IMG/robocam_2018_04_19_11_49_24_870.jpg;-8.035226;0;0;0;99.66999;85.58897;0.0002366476;47.83879;2.877323E-05
/home/spanigr2/RoboND-Python-StarterKit/RoboND-Rover-Project_Final/output/IMG/robocam_2018_04_19_11_49_24_935.jpg;-12.12675;0;0;0;99.66999;85.58897;0.000237456;45.91863;3.211898E-05
/home/spanigr2/RoboND-Python-StarterKit/RoboND-Rover-Project_Final/output/IMG/robocam_2018_04_19_11_49_25_001.jpg;-8.318367;0;0;0;99.66999;85.58897;0.0002383221;44.18933;3.303678E-05
/home/spanigr2/RoboND-Python-StarterKit/RoboND-Rover-Project_Final/output/IMG/robocam_2018_04_19_11_49_25_070.jpg;-4.261236;0;0;0;99.66999;85.58897;0.0002383845;42.91857;2.906075E-05
/home/spanigr2/RoboND-Python-StarterKit/RoboND-Rover-Project_Final/output/IMG/robocam_2018_04_19_11_49_25_141.jpg;-0.1772118;0;0;0;99.66999;85.58897;0.0002397166;42.75883;2.230568E-05
/home/spanigr2/RoboND-Python-StarterKit/RoboND-Rover-Project_Final/output/IMG/robocam_2018_04_19_11_49_25_200.jpg;0;0;0;0;99.66999;85.58897;0.0002400211;42.75884;1.521702E-05
/home/spanigr2/RoboND-Python-StarterKit/RoboND-Rover-Project_Final/output/IMG/robocam_2018_04_19_11_49_25_267.jpg;0;0;0;0;99.66999;85.58897;0.0002392559;42.75884;6.845242E-06
/home/spanigr2/RoboND-Python-StarterKit/RoboND-Rover-Project_Final/output/IMG/robocam_2018_04_19_11_49_25_334.jpg;0;0;0;0;99.66999;85.58897;0.0002390381;42.75884;1.217151E-06
/home/spanigr2/RoboND-Python-StarterKit/RoboND-Rover-Project_Final/output/IMG/robocam_2018_04_19_11_49_25_398.jpg;0;0;0;0;99.66999;85.58897;0.000238747;42.75884;-3.977051E-06
/home/spanigr2/RoboND-Python-StarterKit/RoboND-Rover-Project_Final/output/IMG/robocam_2018_04_19_11_49_25_467.jpg;0;0;0;0;99.66999;85.58897;0.000237973;42.75884;-1.01978E-05
/home/spanigr2/RoboND-Python-StarterKit/RoboND-Rover-Project_Final/output/IMG/robocam_2018_04_19_11_49_25_535.jpg;0;0;0;0;99.66999;85.58897;0.0002372329;42.75884;-1.43653E-05
/home/spanigr2/RoboND-Python-StarterKit/RoboND-Rover-Project_Final/output/IMG/robocam_2018_04_19_11_49_25_594.jpg;0;0;0;0;99.66999;85.58897;0.0002365633;42.75884;-1.762841E-05
/home/spanigr2/RoboND-Python-StarterKit/RoboND-Rover-Project_Final/output/IMG/robocam_2018_04_19_11_49_25_650.jpg;0;0;0;0;99.66999;85.58897;0.0002360496;42.75884;-2.018267E-05
/home/spanigr2/RoboND-Python-StarterKit/RoboND-Rover-Project_Final/output/IMG/robocam_2018_04_19_11_49_25_707.jpg;0;0;0;0;99.66999;85.58897;0.0002359761;42.75884;-2.16126E-05
/home/spanigr2/RoboND-Python-StarterKit/RoboND-Rover-Project_Final/output/IMG/robocam_2018_04_19_11_49_25_779.jpg;0;0;0;0;99.66999;85.58897;0.0002358078;42.75884;-2.255976E-05
/home/spanigr2/RoboND-Python-StarterKit/RoboND-Rover-Project_Final/output/IMG/robocam_2018_04_19_11_49_25_842.jpg;0;0;0;0;99.66999;85.58897;0.0002356428;42.75884;-2.298139E-05
/home/spanigr2/RoboND-Python-StarterKit/RoboND-Rover-Project_Final/output/IMG/robocam_2018_04_19_11_49_25_901.jpg;0;0;0;0;99.66999;85.58897;0.0002354595;42.75884;-2.282859E-05
/home/spanigr2/RoboND-Python-StarterKit/RoboND-Rover-Project_Final/output/IMG/robocam_2018_04_19_11_49_25_943.jpg;0;0;0;0;99.66999;85.58897;0.0002352671;42.75884;-2.238857E-05
/home/spanigr2/RoboND-Python-StarterKit/RoboND-Rover-Project_Final/output/IMG/robocam_2018_04_19_11_49_25_994.jpg;0;0;0;0;99.66999;85.58897;0.0002351114;42.75884;-2.12336E-05
/home/spanigr2/RoboND-Python-StarterKit/RoboND-Rover-Project_Final/output/IMG/robocam_2018_04_19_11_49_26_070.jpg;0;0;0;0;99.66999;85.58897;0.0002344517;42.75884;-1.919246E-05
/home/spanigr2/RoboND-Python-StarterKit/RoboND-Rover-Project_Final/output/IMG/robocam_2018_04_19_11_49_26_140.jpg;2.883596;0;0;0;99.66999;85.58897;0.0002336883;43.27784;-2.077781E-05
/home/spanigr2/RoboND-Python-StarterKit/RoboND-Rover-Project_Final/output/IMG/robocam_2018_04_19_11_49_26_200.jpg;7.98018;0;0;0;99.66999;85.58897;0.0002333294;44.49065;-2.498078E-05
/home/spanigr2/RoboND-Python-StarterKit/RoboND-Rover-Project_Final/output/IMG/robocam_2018_04_19_11_49_26_270.jpg;8.023252;0;0;0;99.66999;85.58897;0.0002334076;46.18322;-2.863685E-05
/home/spanigr2/RoboND-Python-StarterKit/RoboND-Rover-Project_Final/output/IMG/robocam_2018_04_19_11_49_26_337.jpg;12.24449;0;0;0;99.66999;85.58897;0.0002314876;48.25981;-3.378096E-05
/home/spanigr2/RoboND-Python-StarterKit/RoboND-Rover-Project_Final/output/IMG/robocam_2018_04_19_11_49_26_403.jpg;15;0;0;0;99.66999;85.58897;0.0002297685;50.85732;-3.933689E-05
/home/spanigr2/RoboND-Python-StarterKit/RoboND-Rover-Project_Final/output/IMG/robocam_2018_04_19_11_49_26_509.jpg;12.85583;0;0;0;99.66999;85.58897;0.0002279137;54.714;-4.482199E-05
/home/spanigr2/RoboND-Python-StarterKit/RoboND-Rover-Project_Final/output/IMG/robocam_2018_04_19_11_49_26_552.jpg;15;0;0;0;99.66999;85.58897;0.0002270904;57.41394;-4.731286E-05
/home/spanigr2/RoboND-Python-StarterKit/RoboND-Rover-Project_Final/output/IMG/robocam_2018_04_19_11_49_26_603.jpg;15;0;0;0;99.66999;85.58897;0.0002273699;59.21391;-4.859224E-05
/home/spanigr2/RoboND-Python-StarterKit/RoboND-Rover-Project_Final/output/IMG/robocam_2018_04_19_11_49_26_671.jpg;11.19996;0;0;0;99.66999;85.58897;0.0002286654;62.12686;-4.658967E-05
/home/spanigr2/RoboND-Python-StarterKit/RoboND-Rover-Project_Final/output/IMG/robocam_2018_04_19_11_49_26_740.jpg;7.202525;0;0;0;99.66999;85.58897;0.0002312715;63.53986;-4.100705E-05
/home/spanigr2/RoboND-Python-StarterKit/RoboND-Rover-Project_Final/output/IMG/robocam_2018_04_19_11_49_26_802.jpg;3.152161;0;0;0;99.66999;85.58897;0.0002360068;64.33316;-3.235023E-05
/home/spanigr2/RoboND-Python-StarterKit/RoboND-Rover-Project_Final/output/IMG/robocam_2018_04_19_11_49_26_870.jpg;0;0;0;0;99.66999;85.58897;0.0002402022;64.4711;-1.827032E-05
/home/spanigr2/RoboND-Python-StarterKit/RoboND-Rover-Project_Final/output/IMG/robocam_2018_04_19_11_49_26_937.jpg;0;0;0;0;99.66999;85.58897;0.000242764;64.4711;-7.841638E-06
/home/spanigr2/RoboND-Python-StarterKit/RoboND-Rover-Project_Final/output/IMG/robocam_2018_04_19_11_49_27_002.jpg;0;0;0;0;99.66999;85.58898;0.0002444832;64.4711;1.958484E-06
/home/spanigr2/RoboND-Python-StarterKit/RoboND-Rover-Project_Final/output/IMG/robocam_2018_04_19_11_49_27_070.jpg;0;0;0;0;99.66999;85.58898;0.0002463575;64.4711;1.348981E-05
/home/spanigr2/RoboND-Python-StarterKit/RoboND-Rover-Project_Final/output/IMG/robocam_2018_04_19_11_49_27_136.jpg;0;0;0;0;99.66999;85.58898;0.0002477628;64.4711;2.081144E-05
/home/spanigr2/RoboND-Python-StarterKit/RoboND-Rover-Project_Final/output/IMG/robocam_2018_04_19_11_49_27_200.jpg;0;0;0;0;99.66999;85.58898;0.0002482236;64.4711;2.698898E-05
/home/spanigr2/RoboND-Python-StarterKit/RoboND-Rover-Project_Final/output/IMG/robocam_2018_04_19_11_49_27_268.jpg;0;0;0;0;99.66999;85.58898;0.0002482287;64.4711;3.421224E-05
/home/spanigr2/RoboND-Python-StarterKit/RoboND-Rover-Project_Final/output/IMG/robocam_2018_04_19_11_49_27_337.jpg;0;0;0;0;99.66999;85.58898;0.00024792;64.4711;3.750716E-05
/home/spanigr2/RoboND-Python-StarterKit/RoboND-Rover-Project_Final/output/IMG/robocam_2018_04_19_11_49_27_401.jpg;0;0;0;0;99.66999;85.58898;0.0002474602;64.4711;3.953681E-05
/home/spanigr2/RoboND-Python-StarterKit/RoboND-Rover-Project_Final/output/IMG/robocam_2018_04_19_11_49_27_469.jpg;0;0;0;0;99.66999;85.58898;0.0002464016;64.4711;4.082894E-05
/home/spanigr2/RoboND-Python-StarterKit/RoboND-Rover-Project_Final/output/IMG/robocam_2018_04_19_11_49_27_536.jpg;0;0;0;0;99.66999;85.58898;0.0002451741;64.4711;4.093386E-05
/home/spanigr2/RoboND-Python-StarterKit/RoboND-Rover-Project_Final/output/IMG/robocam_2018_04_19_11_49_27_600.jpg;0;0;0;0;99.66999;85.58898;0.0002437131;64.4711;4.013781E-05
/home/spanigr2/RoboND-Python-StarterKit/RoboND-Rover-Project_Final/output/IMG/robocam_2018_04_19_11_49_27_669.jpg;0;0;0;0;99.66999;85.58898;0.0002417651;64.4711;3.810983E-05
/home/spanigr2/RoboND-Python-StarterKit/RoboND-Rover-Project_Final/output/IMG/robocam_2018_04_19_11_49_27_737.jpg;0;0;0;0;99.66999;85.58898;0.0002405751;64.4711;3.611681E-05
/home/spanigr2/RoboND-Python-StarterKit/RoboND-Rover-Project_Final/output/IMG/robocam_2018_04_19_11_49_27_801.jpg;0;0;0;0;99.66999;85.58898;0.0002393127;64.4711;3.347815E-05
/home/spanigr2/RoboND-Python-StarterKit/RoboND-Rover-Project_Final/output/IMG/robocam_2018_04_19_11_49_27_871.jpg;0;0;0;0;99.66999;85.58898;0.0002377675;64.4711;2.918877E-05
/home/spanigr2/RoboND-Python-StarterKit/RoboND-Rover-Project_Final/output/IMG/robocam_2018_04_19_11_49_27_935.jpg;0;0;0;0;99.66999;85.58898;0.0002365799;64.4711;2.525394E-05
/home/spanigr2/RoboND-Python-StarterKit/RoboND-Rover-Project_Final/output/IMG/robocam_2018_04_19_11_49_28_000.jpg;0;0;0;0;99.66999;85.58898;0.0002355552;64.4711;2.108247E-05
/home/spanigr2/RoboND-Python-StarterKit/RoboND-Rover-Project_Final/output/IMG/robocam_2018_04_19_11_49_28_068.jpg;0;0;0;0;99.66999;85.58897;0.0002340515;64.4711;1.51611E-05
/home/spanigr2/RoboND-Python-StarterKit/RoboND-Rover-Project_Final/output/IMG/robocam_2018_04_19_11_49_28_137.jpg;0;0;0;0;99.66999;85.58897;0.000232793;64.4711;1.153851E-05
/home/spanigr2/RoboND-Python-StarterKit/RoboND-Rover-Project_Final/output/IMG/robocam_2018_04_19_11_49_28_199.jpg;0;0;0;0;99.66999;85.58897;0.0002315797;64.4711;8.19972E-06
/home/spanigr2/RoboND-Python-StarterKit/RoboND-Rover-Project_Final/output/IMG/robocam_2018_04_19_11_49_28_268.jpg;0;0;0;0;99.66999;85.58897;0.0002299207;64.4711;3.446852E-06
/home/spanigr2/RoboND-Python-StarterKit/RoboND-Rover-Project_Final/output/IMG/robocam_2018_04_19_11_49_28_335.jpg;0;0;0;0;99.66999;85.58897;0.0002289391;64.4711;5.112988E-08
/home/spanigr2/RoboND-Python-StarterKit/RoboND-Rover-Project_Final/output/IMG/robocam_2018_04_19_11_49_28_401.jpg;0;0;0;0;99.66999;85.58897;0.0002282855;64.4711;-2.859954E-06
/home/spanigr2/RoboND-Python-StarterKit/RoboND-Rover-Project_Final/output/IMG/robocam_2018_04_19_11_49_28_471.jpg;0;0;0;0;99.66999;85.58897;0.0002276005;64.4711;-6.598832E-06
/home/spanigr2/RoboND-Python-StarterKit/RoboND-Rover-Project_Final/output/IMG/robocam_2018_04_19_11_49_28_539.jpg;0;0;0;0;99.66999;85.58897;0.0002272119;64.4711;-9.231013E-06
/home/spanigr2/RoboND-Python-StarterKit/RoboND-Rover-Project_Final/output/IMG/robocam_2018_04_19_11_49_28_600.jpg;0;0;0;0;99.66999;85.58897;0.0002267526;64.4711;-1.155094E-05
/home/spanigr2/RoboND-Python-StarterKit/RoboND-Rover-Project_Final/output/IMG/robocam_2018_04_19_11_49_28_669.jpg;0;0;0;0;99.66999;85.58897;0.0002265172;64.4711;-1.340981E-05
/home/spanigr2/RoboND-Python-StarterKit/RoboND-Rover-Project_Final/output/IMG/robocam_2018_04_19_11_49_28_735.jpg;0;0;0;0;99.66999;85.58897;0.0002266194;64.4711;-1.434413E-05
/home/spanigr2/RoboND-Python-StarterKit/RoboND-Rover-Project_Final/output/IMG/robocam_2018_04_19_11_49_28_778.jpg;0;0;0;0;99.66999;85.58897;0.0002268983;64.4711;-1.460922E-05
/home/spanigr2/RoboND-Python-StarterKit/RoboND-Rover-Project_Final/output/IMG/robocam_2018_04_19_11_49_28_836.jpg;0;0;0;0;99.66999;85.58897;0.0002273677;64.4711;-1.474909E-05
/home/spanigr2/RoboND-Python-StarterKit/RoboND-Rover-Project_Final/output/IMG/robocam_2018_04_19_11_49_28_903.jpg;0;0;0;0;99.66999;85.58897;0.0002279058;64.4711;-1.470926E-05
/home/spanigr2/RoboND-Python-StarterKit/RoboND-Rover-Project_Final/output/IMG/robocam_2018_04_19_11_49_28_969.jpg;0;0;0;0;99.66999;85.58897;0.0002284145;64.4711;-1.453932E-05
/home/spanigr2/RoboND-Python-StarterKit/RoboND-Rover-Project_Final/output/IMG/robocam_2018_04_19_11_49_29_040.jpg;0;0;0;0;99.66999;85.58897;0.0002289505;64.4711;-1.400753E-05
/home/spanigr2/RoboND-Python-StarterKit/RoboND-Rover-Project_Final/output/IMG/robocam_2018_04_19_11_49_29_101.jpg;0;0;0;0;99.66999;85.58897;0.0002294336;64.4711;-1.324155E-05
/home/spanigr2/RoboND-Python-StarterKit/RoboND-Rover-Project_Final/output/IMG/robocam_2018_04_19_11_49_29_173.jpg;0;0;0;0;99.66999;85.58897;0.0002296672;64.4711;-1.234057E-05
/home/spanigr2/RoboND-Python-StarterKit/RoboND-Rover-Project_Final/output/IMG/robocam_2018_04_19_11_49_29_239.jpg;0;0;0;0;99.66999;85.58897;0.0002300972;64.4711;-1.13404E-05
/home/spanigr2/RoboND-Python-StarterKit/RoboND-Rover-Project_Final/output/IMG/robocam_2018_04_19_11_49_29_305.jpg;0;0;1;0;99.66999;85.58897;0.0002307274;64.4711;-9.775089E-06
/home/spanigr2/RoboND-Python-StarterKit/RoboND-Rover-Project_Final/output/IMG/robocam_2018_04_19_11_49_29_369.jpg;0;0;1;0;99.66999;85.58897;0.0002314638;64.4711;-8.678153E-06
/home/spanigr2/RoboND-Python-StarterKit/RoboND-Rover-Project_Final/output/IMG/robocam_2018_04_19_11_49_29_435.jpg;0;0;1;0;99.66999;85.58897;0.000232477;64.4711;-7.354358E-06
/home/spanigr2/RoboND-Python-StarterKit/RoboND-Rover-Project_Final/output/IMG/robocam_2018_04_19_11_49_29_500.jpg;0;0;1;0;99.66999;85.58897;0.0002334548;64.4711;-5.874425E-06
/home/spanigr2/RoboND-Python-StarterKit/RoboND-Rover-Project_Final/output/IMG/robocam_2018_04_19_11_49_29_568.jpg;0;0;1;0;99.66999;85.58897;0.0002347252;64.4711;-3.753742E-06
/home/spanigr2/RoboND-Python-StarterKit/RoboND-Rover-Project_Final/output/IMG/robocam_2018_04_19_11_49_29_637.jpg;0;0;1;0;99.66999;85.58897;0.0002351768;64.4711;-2.365689E-06
/home/spanigr2/RoboND-Python-StarterKit/RoboND-Rover-Project_Final/output/IMG/robocam_2018_04_19_11_49_29_705.jpg;0;0;1;0;99.66999;85.58897;0.000235322;64.4711;-1.074405E-06
/home/spanigr2/RoboND-Python-StarterKit/RoboND-Rover-Project_Final/output/IMG/robocam_2018_04_19_11_49_29_770.jpg;0;0;1;0;99.66999;85.58897;0.0002352138;64.4711;-1.14066E-07
/home/spanigr2/RoboND-Python-StarterKit/RoboND-Rover-Project_Final/output/IMG/robocam_2018_04_19_11_49_29_841.jpg;0;0;1;0;99.66999;85.58897;0.0002351057;64.4711;8.462762E-07
/home/spanigr2/RoboND-Python-StarterKit/RoboND-Rover-Project_Final/output/IMG/robocam_2018_04_19_11_49_29_901.jpg;0;0;1;0;99.66999;85.58897;0.0002348935;64.4711;1.783035E-06
/home/spanigr2/RoboND-Python-StarterKit/RoboND-Rover-Project_Final/output/IMG/robocam_2018_04_19_11_49_29_973.jpg;0;0;1;0;99.66999;85.58897;0.0002346342;64.4711;2.927965E-06
/home/spanigr2/RoboND-Python-StarterKit/RoboND-Rover-Project_Final/output/IMG/robocam_2018_04_19_11_49_30_038.jpg;0;0;1;0;99.66999;85.58897;0.0002344514;64.4711;3.734618E-06
/home/spanigr2/RoboND-Python-StarterKit/RoboND-Rover-Project_Final/output/IMG/robocam_2018_04_19_11_49_30_102.jpg;0;0;1;0;99.66999;85.58897;0.0002342863;64.4711;4.46321E-06
/home/spanigr2/RoboND-Python-StarterKit/RoboND-Rover-Project_Final/output/IMG/robocam_2018_04_19_11_49_30_168.jpg;0;0;1;0;99.66999;85.58897;0.0002336755;64.4711;5.227588E-06
/home/spanigr2/RoboND-Python-StarterKit/RoboND-Rover-Project_Final/output/IMG/robocam_2018_04_19_11_49_30_258.jpg;0;0;1;0;99.66999;85.58897;0.0002331059;64.4711;5.809822E-06
/home/spanigr2/RoboND-Python-StarterKit/RoboND-Rover-Project_Final/output/IMG/robocam_2018_04_19_11_49_30_336.jpg;0;0;1;0;99.66999;85.58897;0.0002325894;64.4711;6.157863E-06
/home/spanigr2/RoboND-Python-StarterKit/RoboND-Rover-Project_Final/output/IMG/robocam_2018_04_19_11_49_30_408.jpg;0;0;1;0;99.66999;85.58897;0.0002321259;64.4711;6.271714E-06
/home/spanigr2/RoboND-Python-StarterKit/RoboND-Rover-Project_Final/output/IMG/robocam_2018_04_19_11_49_30_446.jpg;0;0;1;0;99.66999;85.58897;0.0002319118;64.4711;6.250573E-06
/home/spanigr2/RoboND-Python-StarterKit/RoboND-Rover-Project_Final/output/IMG/robocam_2018_04_19_11_49_30_509.jpg;0;0;1;0;99.66999;85.58897;0.0002316114;64.4711;6.127795E-06
/home/spanigr2/RoboND-Python-StarterKit/RoboND-Rover-Project_Final/output/IMG/robocam_2018_04_19_11_49_30_571.jpg;0;0;1;0;99.66999;85.58897;0.0002313404;64.4711;5.874907E-06
/home/spanigr2/RoboND-Python-StarterKit/RoboND-Rover-Project_Final/output/IMG/robocam_2018_04_19_11_49_30_641.jpg;0;0;1;0;99.66999;85.58897;0.0002311047;64.4711;5.465894E-06
/home/spanigr2/RoboND-Python-StarterKit/RoboND-Rover-Project_Final/output/IMG/robocam_2018_04_19_11_49_30_693.jpg;0;0;1;0;99.66999;85.58897;0.0002308927;64.4711;4.952801E-06
/home/spanigr2/RoboND-Python-StarterKit/RoboND-Rover-Project_Final/output/IMG/robocam_2018_04_19_11_49_30_734.jpg;0;0;1;0;99.66999;85.58897;0.000230767;64.4711;4.541339E-06
/home/spanigr2/RoboND-Python-StarterKit/RoboND-Rover-Project_Final/output/IMG/robocam_2018_04_19_11_49_30_828.jpg;0;0;1;0;99.66999;85.58897;0.0002305001;64.4711;3.304539E-06
/home/spanigr2/RoboND-Python-StarterKit/RoboND-Rover-Project_Final/output/IMG/robocam_2018_04_19_11_49_30_870.jpg;0;0;0;0;99.66999;85.58897;0.0002304098;64.4711;2.736958E-06
/home/spanigr2/RoboND-Python-StarterKit/RoboND-Rover-Project_Final/output/IMG/robocam_2018_04_19_11_49_30_935.jpg;0;0;0;0;99.66999;85.58897;0.0002302862;64.4711;1.833546E-06
/home/spanigr2/RoboND-Python-StarterKit/RoboND-Rover-Project_Final/output/IMG/robocam_2018_04_19_11_49_31_001.jpg;0;0;0;0;99.66999;85.58897;0.0002301743;64.4711;8.78083E-07
/home/spanigr2/RoboND-Python-StarterKit/RoboND-Rover-Project_Final/output/IMG/robocam_2018_04_19_11_49_31_053.jpg;0;0;0;0;99.66999;85.58897;0.0002303158;64.4711;2.53578E-07
/home/spanigr2/RoboND-Python-StarterKit/RoboND-Rover-Project_Final/output/IMG/robocam_2018_04_19_11_49_31_175.jpg;0;0;0;0;99.66999;85.58897;0.0002311428;64.4711;-9.816227E-07
/home/spanigr2/RoboND-Python-StarterKit/RoboND-Rover-Project_Final/output/IMG/robocam_2018_04_19_11_49_31_236.jpg;0;0;0;0;99.66999;85.58897;0.0002316024;64.4711;-1.561414E-06
/home/spanigr2/RoboND-Python-StarterKit/RoboND-Rover-Project_Final/output/IMG/robocam_2018_04_19_11_49_31_301.jpg;0;0;0;0;99.66999;85.58897;0.0002323035;64.4711;-1.758208E-06
/home/spanigr2/RoboND-Python-StarterKit/RoboND-Rover-Project_Final/output/IMG/robocam_2018_04_19_11_49_31_377.jpg;0;0;0;0;99.66999;85.58897;0.0002330695;64.4711;-2.241237E-06
/home/spanigr2/RoboND-Python-StarterKit/RoboND-Rover-Project_Final/output/IMG/robocam_2018_04_19_11_49_31_439.jpg;0;0;0;0;99.66999;85.58897;0.000233586;64.4711;-2.589281E-06
/home/spanigr2/RoboND-Python-StarterKit/RoboND-Rover-Project_Final/output/IMG/robocam_2018_04_19_11_49_31_503.jpg;0;0;0;0;99.66999;85.58897;0.0002340908;64.4711;-2.885277E-06
/home/spanigr2/RoboND-Python-StarterKit/RoboND-Rover-Project_Final/output/IMG/robocam_2018_04_19_11_49_31_571.jpg;0;0;0;0;99.66999;85.58897;0.0002347173;64.4711;-3.235763E-06
/home/spanigr2/RoboND-Python-StarterKit/RoboND-Rover-Project_Final/output/IMG/robocam_2018_04_19_11_49_31_638.jpg;0;0;0;0;99.66999;85.58897;0.0002351003;64.4711;-3.477278E-06
/home/spanigr2/RoboND-Python-StarterKit/RoboND-Rover-Project_Final/output/IMG/robocam_2018_04_19_11_49_31_699.jpg;0;0;0;0;99.66999;85.58897;0.0002355461;64.4711;-3.513065E-06
/home/spanigr2/RoboND-Python-StarterKit/RoboND-Rover-Project_Final/output/IMG/robocam_2018_04_19_11_49_31_767.jpg;0;0;0;0;99.66999;85.58897;0.0002360155;64.4711;-3.652938E-06
/home/spanigr2/RoboND-Python-StarterKit/RoboND-Rover-Project_Final/output/IMG/robocam_2018_04_19_11_49_31_835.jpg;0;0;0;0;99.66999;85.58897;0.0002363395;64.4711;-3.63424E-06
/home/spanigr2/RoboND-Python-StarterKit/RoboND-Rover-Project_Final/output/IMG/robocam_2018_04_19_11_49_31_901.jpg;0;0;0;0;99.66999;85.58897;0.0002365418;64.4711;-3.561065E-06
/home/spanigr2/RoboND-Python-StarterKit/RoboND-Rover-Project_Final/output/IMG/robocam_2018_04_19_11_49_31_969.jpg;0;0;0;0;99.66999;85.58897;0.0002365064;64.4711;-3.404936E-06
/home/spanigr2/RoboND-Python-StarterKit/RoboND-Rover-Project_Final/output/IMG/robocam_2018_04_19_11_49_32_036.jpg;0;0;0;0;99.66999;85.58897;0.0002364593;64.4711;-3.196769E-06
/home/spanigr2/RoboND-Python-StarterKit/RoboND-Rover-Project_Final/output/IMG/robocam_2018_04_19_11_49_32_102.jpg;0;0;0;0;99.66999;85.58897;0.0002363944;64.4711;-2.910537E-06
/home/spanigr2/RoboND-Python-StarterKit/RoboND-Rover-Project_Final/output/IMG/robocam_2018_04_19_11_49_32_168.jpg;0;0;0;0;99.66999;85.58897;0.0002361038;64.4711;-2.593391E-06
/home/spanigr2/RoboND-Python-StarterKit/RoboND-Rover-Project_Final/output/IMG/robocam_2018_04_19_11_49_32_239.jpg;0;0;0;0;99.66999;85.58897;0.0002356226;64.4711;-2.401479E-06
/home/spanigr2/RoboND-Python-StarterKit/RoboND-Rover-Project_Final/output/IMG/robocam_2018_04_19_11_49_32_303.jpg;0;0;0;0;99.66999;85.58897;0.0002352042;64.4711;-2.003839E-06
/home/spanigr2/RoboND-Python-StarterKit/RoboND-Rover-Project_Final/output/IMG/robocam_2018_04_19_11_49_32_370.jpg;0;0;0;0;99.66999;85.58897;0.0002344677;64.4711;-1.650916E-06
/home/spanigr2/RoboND-Python-StarterKit/RoboND-Rover-Project_Final/output/IMG/robocam_2018_04_19_11_49_32_435.jpg;0;0;0;0;99.66999;85.58897;0.0002339512;64.4711;-1.302875E-06
/home/spanigr2/RoboND-Python-StarterKit/RoboND-Rover-Project_Final/output/IMG/robocam_2018_04_19_11_49_32_501.jpg;0;0;0;0;99.66999;85.58897;0.0002333423;64.4711;-1.030456E-06
/home/spanigr2/RoboND-Python-StarterKit/RoboND-Rover-Project_Final/output/IMG/robocam_2018_04_19_11_49_32_568.jpg;0;0;0;0;99.66999;85.58897;0.0002325882;64.4711;-5.994627E-07
/home/spanigr2/RoboND-Python-StarterKit/RoboND-Rover-Project_Final/output/IMG/robocam_2018_04_19_11_49_32_635.jpg;0;0;0;0;99.66999;85.58897;0.0002321521;64.4711;-1.237617E-07
/home/spanigr2/RoboND-Python-StarterKit/RoboND-Rover-Project_Final/output/IMG/robocam_2018_04_19_11_49_32_699.jpg;0;0;0;0;99.66999;85.58897;0.0002315256;64.4711;2.267217E-07
/home/spanigr2/RoboND-Python-StarterKit/RoboND-Rover-Project_Final/output/IMG/robocam_2018_04_19_11_49_32_768.jpg;0;0;0;0;99.66999;85.58897;0.0002307832;64.4711;6.056671E-07
/home/spanigr2/RoboND-Python-StarterKit/RoboND-Rover-Project_Final/output/IMG/robocam_2018_04_19_11_49_32_835.jpg;0;0;0;0;99.66999;85.58897;0.0002302784;64.4711;9.016628E-07
/home/spanigr2/RoboND-Python-StarterKit/RoboND-Rover-Project_Final/output/IMG/robocam_2018_04_19_11_49_32_899.jpg;0;0;0;0;99.66999;85.58897;0.0002298601;64.4711;1.299303E-06
/home/spanigr2/RoboND-Python-StarterKit/RoboND-Rover-Project_Final/output/IMG/robocam_2018_04_19_11_49_32_971.jpg;0;0;0;0;99.66999;85.58897;0.000229153;64.4711;1.522123E-06
/home/spanigr2/RoboND-Python-StarterKit/RoboND-Rover-Project_Final/output/IMG/robocam_2018_04_19_11_49_33_036.jpg;-3.984175;0;0;0;99.66999;85.58897;0.0002312373;63.86843;4.281766E-06
/home/spanigr2/RoboND-Python-StarterKit/RoboND-Rover-Project_Final/output/IMG/robocam_2018_04_19_11_49_33_102.jpg;-7.919641;0;0;0;99.66999;85.58897;0.0002326949;62.67977;8.695623E-06
/home/spanigr2/RoboND-Python-StarterKit/RoboND-Rover-Project_Final/output/IMG/robocam_2018_04_19_11_49_33_169.jpg;-7.959294;0;0;0;99.66999;85.58897;0.0002322776;60.52266;1.52529E-05
/home/spanigr2/RoboND-Python-StarterKit/RoboND-Rover-Project_Final/output/IMG/robocam_2018_04_19_11_49_33_236.jpg;-11.86163;0;0;0;99.66999;85.58897;0.0002327314;58.51006;2.092949E-05
/home/spanigr2/RoboND-Python-StarterKit/RoboND-Rover-Project_Final/output/IMG/robocam_2018_04_19_11_49_33_300.jpg;-7.902818;0;0;0;99.66999;85.58897;0.0002339356;56.85044;2.525475E-05
/home/spanigr2/RoboND-Python-StarterKit/RoboND-Rover-Project_Final/output/IMG/robocam_2018_04_19_11_49_33_373.jpg;-3.790183;0;0;0;99.66999;85.58897;0.0002351589;55.68603;2.541057E-05
/home/spanigr2/RoboND-Python-StarterKit/RoboND-Rover-Project_Final/output/IMG/robocam_2018_04_19_11_49_33_435.jpg;0.1763535;0;0;0;99.66999;85.58897;0.0002368003;55.60405;2.184721E-05
/home/spanigr2/RoboND-Python-StarterKit/RoboND-Rover-Project_Final/output/IMG/robocam_2018_04_19_11_49_33_500.jpg;0;0;0;0;99.66999;85.58897;0.0002382202;55.60405;1.725945E-05
/home/spanigr2/RoboND-Python-StarterKit/RoboND-Rover-Project_Final/output/IMG/robocam_2018_04_19_11_49_33_570.jpg;0;0;0;0;99.66999;85.58897;0.0002400893;55.60405;1.158181E-05
/home/spanigr2/RoboND-Python-StarterKit/RoboND-Rover-Project_Final/output/IMG/robocam_2018_04_19_11_49_33_637.jpg;0;0;0;0;99.66999;85.58897;0.000241485;55.60405;7.43343E-06
/home/spanigr2/RoboND-Python-StarterKit/RoboND-Rover-Project_Final/output/IMG/robocam_2018_04_19_11_49_33_707.jpg;4.001756;0;0;0;99.66999;85.58897;0.0002437008;56.3259;1.028265E-07
/home/spanigr2/RoboND-Python-StarterKit/RoboND-Rover-Project_Final/output/IMG/robocam_2018_04_19_11_49_33_775.jpg;8.123088;0;0;0;99.66999;85.58897;0.0002444405;57.66883;-8.145515E-06
/home/spanigr2/RoboND-Python-StarterKit/RoboND-Rover-Project_Final/output/IMG/robocam_2018_04_19_11_49_33_836.jpg;11.96064;0;0;0;99.66999;85.58897;0.0002446132;59.71949;-1.839173E-05
/home/spanigr2/RoboND-Python-StarterKit/RoboND-Rover-Project_Final/output/IMG/robocam_2018_04_19_11_49_33_900.jpg;11.78172;0;0;0;99.66999;85.58897;0.000242691;62.09126;-2.890635E-05
/home/spanigr2/RoboND-Python-StarterKit/RoboND-Rover-Project_Final/output/IMG/robocam_2018_04_19_11_49_33_970.jpg;11.54815;0;0;0;99.66999;85.58897;0.0002418567;65.12032;-3.992492E-05
/home/spanigr2/RoboND-Python-StarterKit/RoboND-Rover-Project_Final/output/IMG/robocam_2018_04_19_11_49_34_034.jpg;7.690573;0;0;0;99.66999;85.58897;0.0002409471;66.62209;-4.319388E-05
/home/spanigr2/RoboND-Python-StarterKit/RoboND-Rover-Project_Final/output/IMG/robocam_2018_04_19_11_49_34_085.jpg;5.719213;0;0;0;99.66999;85.58897;0.0002406956;67.30839;-4.351814E-05
/home/spanigr2/RoboND-Python-StarterKit/RoboND-Rover-Project_Final/output/IMG/robocam_2018_04_19_11_49_34_138.jpg;1.178112;0;0;0;99.66999;85.58897;0.0002390444;67.70654;-4.111429E-05
/home/spanigr2/RoboND-Python-StarterKit/RoboND-Rover-Project_Final/output/IMG/robocam_2018_04_19_11_49_34_207.jpg;0;0;0;0;99.66999;85.58897;0.000237726;67.70654;-3.552748E-05
/home/spanigr2/RoboND-Python-StarterKit/RoboND-Rover-Project_Final/output/IMG/robocam_2018_04_19_11_49_34_272.jpg;0;0;0;0;99.66999;85.58897;0.0002369451;67.70654;-3.046022E-05
/home/spanigr2/RoboND-Python-StarterKit/RoboND-Rover-Project_Final/output/IMG/robocam_2018_04_19_11_49_34_338.jpg;0;0;0;0;99.66999;85.58897;0.0002362343;67.70654;-2.464491E-05
/home/spanigr2/RoboND-Python-StarterKit/RoboND-Rover-Project_Final/output/IMG/robocam_2018_04_19_11_49_34_409.jpg;0;0;0;0;99.66999;85.58897;0.0002350718;67.70654;-1.764054E-05
/home/spanigr2/RoboND-Python-StarterKit/RoboND-Rover-Project_Final/output/IMG/robocam_2018_04_19_11_49_34_473.jpg;0;0;0;0;99.66999;85.58897;0.0002343646;67.70654;-1.239558E-05
/home/spanigr2/RoboND-Python-StarterKit/RoboND-Rover-Project_Final/output/IMG/robocam_2018_04_19_11_49_34_538.jpg;0;0;0;0;99.66999;85.58897;0.000233527;67.70654;-7.040356E-06
/home/spanigr2/RoboND-Python-StarterKit/RoboND-Rover-Project_Final/output/IMG/robocam_2018_04_19_11_49_34_603.jpg;-3.916569;0;0;0;99.66999;85.58897;0.000233939;67.23151;-2.794019E-07
/home/spanigr2/RoboND-Python-StarterKit/RoboND-Rover-Project_Final/output/IMG/robocam_2018_04_19_11_49_34_670.jpg;-7.780209;0;0;0;99.66999;85.58897;0.0002333799;65.58804;1.142129E-05
/home/spanigr2/RoboND-Python-StarterKit/RoboND-Rover-Project_Final/output/IMG/robocam_2018_04_19_11_49_34_738.jpg;-7.77307;0;0;0;99.66999;85.58903;0.0002336425;64.0657;2.001431E-05
/home/spanigr2/RoboND-Python-StarterKit/RoboND-Rover-Project_Final/output/IMG/robocam_2018_04_19_11_49_34_800.jpg;-3.481207;0;0;0;99.66999;85.58903;0.0002338477;63.16444;2.599904E-05
/home/spanigr2/RoboND-Python-StarterKit/RoboND-Rover-Project_Final/output/IMG/robocam_2018_04_19_11_49_34_870.jpg;0.09239674;0;0;0;99.66999;85.58903;0.000234604;62.94784;2.795206E-05
/home/spanigr2/RoboND-Python-StarterKit/RoboND-Rover-Project_Final/output/IMG/robocam_2018_04_19_11_49_34_939.jpg;0;0;0;0;99.66999;85.58903;0.0002342864;62.94784;2.790311E-05
/home/spanigr2/RoboND-Python-StarterKit/RoboND-Rover-Project_Final/output/IMG/robocam_2018_04_19_11_49_35_005.jpg;0;0;0;0;99.66999;85.58903;0.0002339673;62.94784;2.694822E-05
/home/spanigr2/RoboND-Python-StarterKit/RoboND-Rover-Project_Final/output/IMG/robocam_2018_04_19_11_49_35_058.jpg;0;0;0;0;99.66999;85.58903;0.0002336646;62.94784;2.638144E-05
/home/spanigr2/RoboND-Python-StarterKit/RoboND-Rover-Project_Final/output/IMG/robocam_2018_04_19_11_49_35_118.jpg;-5.307484;0;0;0;99.66999;85.58903;0.0002331369;62.24342;2.781054E-05
/home/spanigr2/RoboND-Python-StarterKit/RoboND-Rover-Project_Final/output/IMG/robocam_2018_04_19_11_49_35_215.jpg;-6.842151;0;0;0;99.66999;85.58906;0.0002322355;60.19077;3.21607E-05
/home/spanigr2/RoboND-Python-StarterKit/RoboND-Rover-Project_Final/output/IMG/robocam_2018_04_19_11_49_35_261.jpg;-12.26346;0;0;0;99.66999;85.58907;0.0002315529;58.71919;3.556892E-05
/home/spanigr2/RoboND-Python-StarterKit/RoboND-Rover-Project_Final/output/IMG/robocam_2018_04_19_11_49_35_320.jpg;-9.332285;0;0;0;99.66999;85.58907;0.0002308101;56.87779;3.801825E-05
/home/spanigr2/RoboND-Python-StarterKit/RoboND-Rover-Project_Final/output/IMG/robocam_2018_04_19_11_49_35_371.jpg;-5.936766;0;0;0;99.66999;85.58907;0.0002307558;55.72305;3.609158E-05
/home/spanigr2/RoboND-Python-StarterKit/RoboND-Rover-Project_Final/output/IMG/robocam_2018_04_19_11_49_35_436.jpg;-1.937456;0;0;0;99.66999;85.58907;0.0002314709;55.10038;3.198303E-05
/home/spanigr2/RoboND-Python-StarterKit/RoboND-Rover-Project_Final/output/IMG/robocam_2018_04_19_11_49_35_506.jpg;0;0;0;0;99.66999;85.58907;0.0002325471;55.07676;2.342119E-05
/home/spanigr2/RoboND-Python-StarterKit/RoboND-Rover-Project_Final/output/IMG/robocam_2018_04_19_11_49_35_609.jpg;0;0;0;0;99.66999;85.58907;0.0002334286;55.07676;1.17276E-05
/home/spanigr2/RoboND-Python-StarterKit/RoboND-Rover-Project_Final/output/IMG/robocam_2018_04_19_11_49_35_669.jpg;0;0;0;0;99.66999;85.58907;0.0002343538;55.07676;5.585687E-06
/home/spanigr2/RoboND-Python-StarterKit/RoboND-Rover-Project_Final/output/IMG/robocam_2018_04_19_11_49_35_737.jpg;0;0;0;0;99.66999;85.58907;0.0002351131;55.07676;-3.846515E-07
/home/spanigr2/RoboND-Python-StarterKit/RoboND-Rover-Project_Final/output/IMG/robocam_2018_04_19_11_49_35_837.jpg;0;0;0;0;99.66999;85.58907;0.0002355589;55.07676;-8.914903E-06
/home/spanigr2/RoboND-Python-StarterKit/RoboND-Rover-Project_Final/output/IMG/robocam_2018_04_19_11_49_35_929.jpg;0;0;0;0;99.66999;85.58907;0.0002361683;55.07676;-1.476456E-05
Path;SteerAngle;Throttle;Brake;Speed;X_Position;Y_Position;Pitch;Yaw;Roll
/home/spanigr2/RoboND-Python-StarterKit/RoboND-Rover-Project_Final/output/IMG/robocam_2018_04_19_11_49_35_974.jpg;0;0;0;0;99.66999;85.58907;0.0002365662;55.07676;-1.816352E-05
/home/spanigr2/RoboND-Python-StarterKit/RoboND-Rover-Project_Final/output/IMG/robocam_2018_04_19_11_49_36_037.jpg;0;0;0;0;99.66999;85.58907;0.0002367343;55.07676;-2.118729E-05
/home/spanigr2/RoboND-Python-StarterKit/RoboND-Rover-Project_Final/output/IMG/robocam_2018_04_19_11_49_36_099.jpg;0;0;0;0;99.66999;85.58907;0.000236892;55.07676;-2.382272E-05
/home/spanigr2/RoboND-Python-StarterKit/RoboND-Rover-Project_Final/output/IMG/robocam_2018_04_19_11_49_36_175.jpg;0;0;0;0;99.66999;85.58907;0.0002367341;55.07676;-2.616588E-05
/home/spanigr2/RoboND-Python-StarterKit/RoboND-Rover-Project_Final/output/IMG/robocam_2018_04_19_11_49_36_239.jpg;0;0;0;0;99.66999;85.58907;0.0002363635;55.07676;-2.712155E-05
/home/spanigr2/RoboND-Python-StarterKit/RoboND-Rover-Project_Final/output/IMG/robocam_2018_04_19_11_49_36_302.jpg;0;0;0;0;99.66999;85.58907;0.0002363634;55.07676;-2.712155E-05
/home/spanigr2/RoboND-Python-StarterKit/RoboND-Rover-Project_Final/output/IMG/robocam_2018_04_19_11_49_36_372.jpg;0;0;0;0;99.66999;85.58907;0.0002359677;55.07676;-2.657477E-05
/home/spanigr2/RoboND-Python-StarterKit/RoboND-Rover-Project_Final/output/IMG/robocam_2018_04_19_11_49_36_435.jpg;0;0;0;0;99.66999;85.58907;0.0002354759;55.07676;-2.572259E-05
/home/spanigr2/RoboND-Python-StarterKit/RoboND-Rover-Project_Final/output/IMG/robocam_2018_04_19_11_49_36_502.jpg;0;0;0;0;99.66999;85.58907;0.0002351934;55.07676;-2.446892E-05
/home/spanigr2/RoboND-Python-StarterKit/RoboND-Rover-Project_Final/output/IMG/robocam_2018_04_19_11_49_36_568.jpg;0;0;0;0;99.66999;85.58907;0.0002349921;55.07676;-2.240656E-05
/home/spanigr2/RoboND-Python-StarterKit/RoboND-Rover-Project_Final/output/IMG/robocam_2018_04_19_11_49_36_635.jpg;0;0;0;0;99.66999;85.58907;0.0002346731;55.07676;-2.032531E-05
/home/spanigr2/RoboND-Python-StarterKit/RoboND-Rover-Project_Final/output/IMG/robocam_2018_04_19_11_49_36_700.jpg;0;0;0;0;99.66999;85.58907;0.0002345954;55.07676;-1.794439E-05
/home/spanigr2/RoboND-Python-StarterKit/RoboND-Rover-Project_Final/output/IMG/robocam_2018_04_19_11_49_36_769.jpg;0;0;0;0;99.66999;85.58907;0.0002348723;55.07676;-1.45569E-05
/home/spanigr2/RoboND-Python-StarterKit/RoboND-Rover-Project_Final/output/IMG/robocam_2018_04_19_11_49_36_836.jpg;0;0;0;0;99.66999;85.58907;0.000234988;55.07676;-1.17236E-05
/home/spanigr2/RoboND-Python-StarterKit/RoboND-Rover-Project_Final/output/IMG/robocam_2018_04_19_11_49_36_902.jpg;0;0;0;0;99.66999;85.58907;0.0002347982;55.07676;-8.986372E-06
/home/spanigr2/RoboND-Python-StarterKit/RoboND-Rover-Project_Final/output/IMG/robocam_2018_04_19_11_49_36_972.jpg;0;0;0;0;99.66999;85.58907;0.0002344758;55.07676;-5.116154E-06
/home/spanigr2/RoboND-Python-StarterKit/RoboND-Rover-Project_Final/output/IMG/robocam_2018_04_19_11_49_37_037.jpg;0;0;0;0;99.66999;85.58907;0.0002345959;55.07676;-3.008616E-06
/home/spanigr2/RoboND-Python-StarterKit/RoboND-Rover-Project_Final/output/IMG/robocam_2018_04_19_11_49_37_102.jpg;0;0;0;0;99.66999;85.58907;0.0002346784;55.07676;-1.136713E-06
/home/spanigr2/RoboND-Python-StarterKit/RoboND-Rover-Project_Final/output/IMG/robocam_2018_04_19_11_49_37_169.jpg;0;0;0;0;99.66999;85.58907;0.0002346864;55.07676;1.327123E-06
/home/spanigr2/RoboND-Python-StarterKit/RoboND-Rover-Project_Final/output/IMG/robocam_2018_04_19_11_49_37_234.jpg;0;0;0;0;99.66999;85.58907;0.0002346991;55.07676;3.065207E-06
/home/spanigr2/RoboND-Python-StarterKit/RoboND-Rover-Project_Final/output/IMG/robocam_2018_04_19_11_49_37_301.jpg;0;0;0;0;99.66999;85.58907;0.0002347277;55.07676;4.752373E-06
/home/spanigr2/RoboND-Python-StarterKit/RoboND-Rover-Project_Final/output/IMG/robocam_2018_04_19_11_49_37_368.jpg;0;0;0;0;99.66999;85.58907;0.0002345745;55.07676;6.662043E-06
/home/spanigr2/RoboND-Python-StarterKit/RoboND-Rover-Project_Final/output/IMG/robocam_2018_04_19_11_49_37_434.jpg;0;0;0;0;99.66999;85.58907;0.0002345117;55.07676;7.928842E-06
/home/spanigr2/RoboND-Python-StarterKit/RoboND-Rover-Project_Final/output/IMG/robocam_2018_04_19_11_49_37_499.jpg;0;0;0;0;99.66999;85.58907;0.0002346627;55.07676;8.871366E-06
/home/spanigr2/RoboND-Python-StarterKit/RoboND-Rover-Project_Final/output/IMG/robocam_2018_04_19_11_49_37_568.jpg;0;0;0;0;99.66999;85.58907;0.0002350436;55.07676;9.438702E-06
/home/spanigr2/RoboND-Python-StarterKit/RoboND-Rover-Project_Final/output/IMG/robocam_2018_04_19_11_49_37_636.jpg;0;0;0;0;99.66999;85.58907;0.000235285;55.07676;9.738382E-06
/home/spanigr2/RoboND-Python-StarterKit/RoboND-Rover-Project_Final/output/IMG/robocam_2018_04_19_11_49_37_703.jpg;0;0;0;0;99.66999;85.58907;0.0002353387;55.07676;9.923113E-06
/home/spanigr2/RoboND-Python-StarterKit/RoboND-Rover-Project_Final/output/IMG/robocam_2018_04_19_11_49_37_770.jpg;0;0;0;0;99.66999;85.58907;0.0002354566;55.07676;9.904229E-06
/home/spanigr2/RoboND-Python-StarterKit/RoboND-Rover-Project_Final/output/IMG/robocam_2018_04_19_11_49_37_834.jpg;0;0;0;0;99.66999;85.58907;0.0002355207;55.07676;9.700628E-06
/home/spanigr2/RoboND-Python-StarterKit/RoboND-Rover-Project_Final/output/IMG/robocam_2018_04_19_11_49_37_899.jpg;0;0;0;0;99.66999;85.58907;0.0002354451;55.07676;9.229363E-06
/home/spanigr2/RoboND-Python-StarterKit/RoboND-Rover-Project_Final/output/IMG/robocam_2018_04_19_11_49_37_968.jpg;0;0;0;0;99.66999;85.58907;0.0002353101;55.07676;8.23594E-06
/home/spanigr2/RoboND-Python-StarterKit/RoboND-Rover-Project_Final/output/IMG/robocam_2018_04_19_11_49_38_035.jpg;0;0;0;0;99.66999;85.58907;0.0002352769;55.07676;7.27454E-06
/home/spanigr2/RoboND-Python-StarterKit/RoboND-Rover-Project_Final/output/IMG/robocam_2018_04_19_11_49_38_099.jpg;0;0;0;0;99.66999;85.58907;0.0002352917;55.07676;6.16043E-06
/home/spanigr2/RoboND-Python-StarterKit/RoboND-Rover-Project_Final/output/IMG/robocam_2018_04_19_11_49_38_169.jpg;0;0;0;0;99.66999;85.58907;0.0002353649;55.07676;4.505279E-06
/home/spanigr2/RoboND-Python-StarterKit/RoboND-Rover-Project_Final/output/IMG/robocam_2018_04_19_11_49_38_235.jpg;0;0;0;0;99.66999;85.58907;0.0002351544;55.07676;3.040592E-06
/home/spanigr2/RoboND-Python-StarterKit/RoboND-Rover-Project_Final/output/IMG/robocam_2018_04_19_11_49_38_303.jpg;0;0;0;0;99.66999;85.58907;0.0002349758;55.07676;1.4741E-06
/home/spanigr2/RoboND-Python-StarterKit/RoboND-Rover-Project_Final/output/IMG/robocam_2018_04_19_11_49_38_368.jpg;0;0;0;0;99.66999;85.58907;0.0002347379;55.07676;-6.145487E-07
/home/spanigr2/RoboND-Python-StarterKit/RoboND-Rover-Project_Final/output/IMG/robocam_2018_04_19_11_49_38_434.jpg;0;0;1;0;99.66999;85.58907;0.0002345594;55.07676;-2.18104E-06
/home/spanigr2/RoboND-Python-StarterKit/RoboND-Rover-Project_Final/output/IMG/robocam_2018_04_19_11_49_38_505.jpg;0;0;1;0;99.66999;85.58907;0.0002343214;55.07676;-4.269702E-06
/home/spanigr2/RoboND-Python-StarterKit/RoboND-Rover-Project_Final/output/IMG/robocam_2018_04_19_11_49_38_570.jpg;0;0;1;0;99.66999;85.58907;0.0002343579;55.07676;-5.097277E-06
/home/spanigr2/RoboND-Python-StarterKit/RoboND-Rover-Project_Final/output/IMG/robocam_2018_04_19_11_49_38_636.jpg;0;0;1;0;99.66999;85.58907;0.0002340788;55.07676;-5.632586E-06
/home/spanigr2/RoboND-Python-StarterKit/RoboND-Rover-Project_Final/output/IMG/robocam_2018_04_19_11_49_38_701.jpg;0;0;1;0;99.66999;85.58907;0.0002339392;55.07676;-5.900237E-06
/home/spanigr2/RoboND-Python-StarterKit/RoboND-Rover-Project_Final/output/IMG/robocam_2018_04_19_11_49_38_770.jpg;0;0;1;0;99.66999;85.58907;0.0002339072;55.07676;-5.798433E-06
/home/spanigr2/RoboND-Python-StarterKit/RoboND-Rover-Project_Final/output/IMG/robocam_2018_04_19_11_49_38_836.jpg;0;0;1;0;99.66999;85.58907;0.0002341268;55.07676;-5.785295E-06
/home/spanigr2/RoboND-Python-StarterKit/RoboND-Rover-Project_Final/output/IMG/robocam_2018_04_19_11_49_38_905.jpg;0;0;1;0;99.66999;85.58907;0.0002339073;55.07676;-5.798433E-06
/home/spanigr2/RoboND-Python-StarterKit/RoboND-Rover-Project_Final/output/IMG/robocam_2018_04_19_11_49_38_971.jpg;0;0;1;0;99.66999;85.58907;0.0002338752;55.07676;-5.696629E-06
/home/spanigr2/RoboND-Python-StarterKit/RoboND-Rover-Project_Final/output/IMG/robocam_2018_04_19_11_49_39_037.jpg;0;0;1;0;99.66999;85.58907;0.0002340788;55.07676;-5.632586E-06
/home/spanigr2/RoboND-Python-StarterKit/RoboND-Rover-Project_Final/output/IMG/robocam_2018_04_19_11_49_39_103.jpg;0;0;1;0;99.66999;85.58907;0.0002340147;55.07676;-5.428979E-06
/home/spanigr2/RoboND-Python-StarterKit/RoboND-Rover-Project_Final/output/IMG/robocam_2018_04_19_11_49_39_168.jpg;0;0;1;0;99.66999;85.58907;0.0002341326;55.07676;-5.447862E-06
/home/spanigr2/RoboND-Python-StarterKit/RoboND-Rover-Project_Final/output/IMG/robocam_2018_04_19_11_49_39_237.jpg;0;0;1;0;99.66999;85.58907;0.0002342024;55.07676;-5.31403E-06
/home/spanigr2/RoboND-Python-StarterKit/RoboND-Rover-Project_Final/output/IMG/robocam_2018_04_19_11_49_39_299.jpg;0;0;1;0;99.66999;85.58907;0.0002343579;55.07676;-5.097277E-06
/home/spanigr2/RoboND-Python-StarterKit/RoboND-Rover-Project_Final/output/IMG/robocam_2018_04_19_11_49_39_369.jpg;0;0;1;0;99.66999;85.58907;0.0002344334;55.07676;-4.626012E-06
/home/spanigr2/RoboND-Python-StarterKit/RoboND-Rover-Project_Final/output/IMG/robocam_2018_04_19_11_49_39_436.jpg;0;0;1;0;99.66999;85.58907;0.0002345032;55.07676;-4.492187E-06
/home/spanigr2/RoboND-Python-StarterKit/RoboND-Rover-Project_Final/output/IMG/robocam_2018_04_19_11_49_39_507.jpg;0;0;1;0;99.66999;85.58907;0.0002343854;55.07676;-4.47331E-06
/home/spanigr2/RoboND-Python-StarterKit/RoboND-Rover-Project_Final/output/IMG/robocam_2018_04_19_11_49_39_568.jpg;0;0;1;0;99.66999;85.58907;0.0002343534;55.07676;-4.371506E-06
/home/spanigr2/RoboND-Python-StarterKit/RoboND-Rover-Project_Final/output/IMG/robocam_2018_04_19_11_49_39_638.jpg;0;0;1;0;99.66999;85.58907;0.0002341178;55.07676;-4.333745E-06
/home/spanigr2/RoboND-Python-StarterKit/RoboND-Rover-Project_Final/output/IMG/robocam_2018_04_19_11_49_39_702.jpg;0;0;1;0;99.66999;85.58907;0.0002340537;55.07676;-4.130145E-06
/home/spanigr2/RoboND-Python-StarterKit/RoboND-Rover-Project_Final/output/IMG/robocam_2018_04_19_11_49_39_768.jpg;0;0;1;0;99.66999;85.58907;0.000233786;55.07676;-3.99058E-06
/home/spanigr2/RoboND-Python-StarterKit/RoboND-Rover-Project_Final/output/IMG/robocam_2018_04_19_11_49_39_826.jpg;0;0;1;0;99.66999;85.58907;0.000233722;55.07676;-3.786973E-06
/home/spanigr2/RoboND-Python-StarterKit/RoboND-Rover-Project_Final/output/IMG/robocam_2018_04_19_11_49_39_871.jpg;0;0;1;0;99.66999;85.58907;0.000233674;55.07676;-3.634264E-06
/home/spanigr2/RoboND-Python-StarterKit/RoboND-Rover-Project_Final/output/IMG/robocam_2018_04_19_11_49_39_942.jpg;0;0;1;0;99.66999;85.58907;0.0002335779;55.07676;-3.328852E-06
/home/spanigr2/RoboND-Python-StarterKit/RoboND-Rover-Project_Final/output/IMG/robocam_2018_04_19_11_49_40_018.jpg;0;0;1;0;99.66999;85.58907;0.0002334498;55.07676;-2.921637E-06
/home/spanigr2/RoboND-Python-StarterKit/RoboND-Rover-Project_Final/output/IMG/robocam_2018_04_19_11_49_40_074.jpg;0;0;1;0;99.66999;85.58907;0.0002333537;55.07676;-2.616226E-06
/home/spanigr2/RoboND-Python-StarterKit/RoboND-Rover-Project_Final/output/IMG/robocam_2018_04_19_11_49_40_140.jpg;0;0;1;0;99.66999;85.58907;0.0002332576;55.07676;-2.310814E-06
